case,n_time,m,envelope_slope_beta,omega,coeff_cos,coeff_sin,relative_rmse,parameter_drift_from_base,score_correlation_with_base,estimated_rank_85pct_energy,singular_gap_gamma_r,condition_r,note
base_window,96,0.0,-0.19999999999999996,9.4,1.5599559830445158,0.2332705743786436,0.0595229108149011,0.0,1.0,1,0.11106835143529223,7.411897122071372,base O-E fit; drift is zero by definition
neighboring_trimmed_window,92,0.0,-0.19999999999999996,9.4,1.5668432914239299,0.22963066034069102,0.04997049148363989,0.0025589756002566467,0.9999977762476225,1,0.08936622759503782,8.764961391165274,drop first two and last two grid points; compact window-stability check
mild_residual_noise,96,0.0,-0.19999999999999996,9.4,1.5605943652884384,0.23175587946180573,0.060139499623964504,0.0007016795063884621,0.999975148260523,1,0.10867470863643064,7.44178846807607,small additive residual noise; compact perturbation-stability check
moderate_gate_perturbation,96,0.0,-0.19999999999999996,9.4,1.5593986613974404,0.2331182125278446,0.05944326336683983,0.00017369757253814913,0.9999958710798109,1,0.11067536024726,7.3946892304195,moderate admissible perturbation used for base gate-continuity check
